<?xml version="1.0" encoding="UTF-8"?>
<addon
    id="plugin.video.thaitv"
    name="Thai TV Live"
    version="1.0.0"
    provider-name="YourName">

    <requires>
        <import addon="xbmc.python" version="3.0.0"/>
    </requires>

    <extension
        point="xbmc.python.pluginsource"
        library="default.py">
        <provides>video</provides>
    </extension>

    <extension point="xbmc.addon.metadata">
        <summary lang="th">Thai TV Live</summary>
        <description lang="th">ดูทีวีไทยสด CH7, one31, CH8</description>
        <platform>all</platform>

        <assets>
            <icon>icon.png</icon>
            <fanart>fanart.jpg</fanart>
        </assets>
    </extension>

</addon>
